{"cameraMode":{"drawMode":0,"name":"Shaded","section":"Shading Mode"},"sceneLighting":true,"audioPlay":false,"sceneViewState":{"m_AlwaysRefresh":false,"showFog":true,"showSkybox":true,"showFlares":true,"showImageEffects":true,"showParticleSystems":true,"showVisualEffectGraphs":true,"m_FxEnabled":true},"in2DMode":false,"pivot":{"x":1.8080354928970338,"y":0.9437820911407471,"z":-1.3206778764724732},"rotation":{"x":-0.2248462289571762,"y":-0.014033070765435696,"z":0.00323904724791646,"w":-0.9742882251739502},"size":4.352537631988525,"orthographic":false}