{"cameraMode":{"drawMode":0,"name":"Shaded","section":"Shading Mode"},"sceneLighting":false,"audioPlay":false,"sceneViewState":{"m_AlwaysRefresh":false,"showFog":true,"showSkybox":false,"showFlares":true,"showImageEffects":true,"showParticleSystems":true,"showVisualEffectGraphs":true,"m_FxEnabled":true},"in2DMode":false,"pivot":{"x":0.7194040417671204,"y":0.9338719844818115,"z":-1.0327932834625245},"rotation":{"x":-0.20516431331634522,"y":0.3415265679359436,"z":-0.07666166871786118,"w":-0.9139976501464844},"size":0.6442050933837891,"orthographic":false}